City_ID,City,Lat,Lng,Max Temp,Humidity,Cloudiness,Wind Speed,Country,Date
0,norman wells,65.282,-126.8329,3.24,85,40,2.3,CA,1677455937
1,hambantota,6.1241,81.1185,72.14,72,99,9.08,LK,1677455937
2,avarua,-21.2078,-159.775,84.25,65,20,9.22,CK,1677455938
3,hobart,-42.8794,147.3294,61.05,73,75,13.8,AU,1677455654
4,bluff,-46.6,168.3333,63.81,74,67,7.58,NZ,1677455938
5,juybar,36.6412,52.9124,48.88,68,0,3.24,IR,1677455939
6,chuy,-33.6971,-53.4616,65.39,61,0,10.4,UY,1677455939
7,mogadishu,2.0371,45.3438,76.68,78,91,19.46,SO,1677455741
8,salalah,17.0151,54.0924,69.51,76,0,1.25,OM,1677455939
9,ushuaia,-54.8,-68.3,53.26,71,100,14.97,AR,1677455940
10,tuatapere,-46.1333,167.6833,65.26,60,47,4.21,NZ,1677455940
11,liuhe,42.2401,125.7172,24.62,66,0,7.99,CN,1677455940
12,pinar del rio,22.4175,-83.6981,72.21,57,0,4.25,CU,1677455941
13,saint-philippe,-21.3585,55.7679,74.79,81,11,3.04,RE,1677455941
14,vila velha,-20.3297,-40.2925,80.55,87,0,13.8,BR,1677455941
15,mahebourg,-20.4081,57.7,75.25,94,20,3.44,MU,1677455942
16,hobbs,32.7026,-103.136,77.59,35,17,41.61,US,1677455926
17,teguise,29.0605,-13.564,57.42,82,20,4.61,ES,1677455942
18,rikitea,-23.1203,-134.9692,80.82,73,39,14.03,PF,1677455943
19,snezhnogorsk,69.1933,33.2531,11.98,95,100,12.33,RU,1677455943
20,cabo san lucas,22.8909,-109.9124,75.61,77,94,3.29,MX,1677455721
21,hithadhoo,-0.6,73.0833,80.89,78,36,6.4,MV,1677455943
22,busselton,-33.65,115.3333,72.07,58,95,10.63,AU,1677455944
23,port alfred,-33.5906,26.891,67.17,94,19,3.0,ZA,1677455944
24,dingle,10.9995,122.6711,78.33,85,74,17.16,PH,1677455944
25,vaini,-21.2,-175.2,87.96,74,40,12.66,TO,1677455945
26,qaanaaq,77.484,-69.3632,-17.23,72,93,7.18,GL,1677455945
27,hilo,19.7297,-155.09,75.27,84,41,5.99,US,1677455716
28,nanortalik,60.1432,-45.2371,24.58,91,100,15.26,GL,1677455945
29,provideniya,64.3833,-173.3,-2.09,65,0,6.71,RU,1677455946
30,korla,41.7597,86.1469,35.65,47,48,3.6,CN,1677455946
31,yellowknife,62.456,-114.3525,9.12,72,20,4.61,CA,1677455946
32,hachinohe,40.5,141.5,33.73,54,16,12.35,JP,1677455947
33,cape town,-33.9258,18.4232,69.39,71,0,19.57,ZA,1677455947
34,pangnirtung,66.1451,-65.7125,-29.2,68,20,2.3,CA,1677455947
35,luderitz,-26.6481,15.1594,62.24,76,0,12.57,NA,1677455948
36,yulara,-25.2406,130.9889,85.44,31,65,21.61,AU,1677455948
37,nguru,12.8791,10.4526,77.65,12,50,9.28,NG,1677455948
38,takaka,-40.85,172.8,67.59,67,57,2.8,NZ,1677455948
39,kifri,34.6959,44.9661,58.05,43,0,8.57,IQ,1677455949
40,yumen,40.2833,97.2,28.98,64,50,4.45,CN,1677455949
41,puerto ayora,-0.7393,-90.3518,77.56,95,87,8.01,EC,1677455837
42,mataura,-46.1927,168.8643,63.48,51,68,3.22,NZ,1677455950
43,belmonte,-15.8631,-38.8828,78.24,84,1,7.09,BR,1677455950
44,inverell,-29.7833,151.1167,82.67,59,3,4.0,AU,1677455950
45,muros,42.7762,-9.0603,45.14,64,0,14.85,ES,1677455951
46,douglas,41.3,-96.167,43.59,87,100,16.11,US,1677455951
47,albany,42.6001,-73.9662,34.23,66,64,3.0,US,1677455951
48,ler,8.3018,30.1418,84.69,17,51,5.84,SS,1677455952
49,jamestown,42.097,-79.2353,35.24,60,0,12.66,US,1677455952
50,aksu,41.1231,80.2644,37.67,44,100,2.98,CN,1677455952
51,makueni,-1.8041,37.6203,60.21,93,98,1.39,KE,1677455953
52,bonthe,7.5264,-12.505,75.61,85,49,7.96,SL,1677455953
53,sembe,1.6481,14.5806,73.8,82,67,5.26,CG,1677455953
54,mar del plata,-38.0023,-57.5575,66.22,58,0,8.05,AR,1677455938
55,grand gaube,-20.0064,57.6608,75.38,80,12,1.99,MU,1677455954
56,atuona,-9.8,-139.0333,79.16,80,9,14.56,PF,1677455695
57,corn island,12.1694,-83.0418,79.07,73,9,15.23,NI,1677455954
58,ilulissat,69.2167,-51.1,-9.53,79,72,6.22,GL,1677455954
59,mogocha,53.7333,119.7667,20.12,96,100,1.32,RU,1677455955
60,nishihara,26.1842,127.7558,61.88,70,75,18.41,JP,1677455955
61,makokou,0.5738,12.8642,68.52,96,84,2.1,GA,1677455955
62,jiangyou,31.7667,104.7167,53.62,65,100,1.57,CN,1677455956
63,flinders,-34.5833,150.8552,76.37,74,84,5.01,AU,1677455956
64,kapaa,22.0752,-159.319,77.32,81,20,18.41,US,1677455956
65,ribeira grande,38.5167,-28.7,55.78,63,56,18.99,PT,1677455957
66,kamakwie,9.5,-12.2333,75.42,66,13,5.73,SL,1677455957
67,tuktoyaktuk,69.4541,-133.0374,-5.8,77,75,6.91,CA,1677455957
68,sao filipe,14.8961,-24.4956,70.18,71,70,10.87,CV,1677455958
69,churachandpur,24.3333,93.6667,48.22,41,0,2.24,IN,1677455958
70,suntar,62.1444,117.6319,-11.92,97,100,3.49,RU,1677455959
71,kodiak,57.79,-152.4072,35.11,51,0,25.32,US,1677455741
72,ahome,25.9167,-109.1833,68.43,55,16,15.68,MX,1677455959
73,saskylakh,71.9167,114.0833,-3.23,96,100,20.42,RU,1677455960
74,saint-pierre,-21.3393,55.4781,74.91,73,0,4.61,RE,1677455960
75,portland,45.5234,-122.6762,41.45,92,75,8.01,US,1677455921
76,buhe,30.2876,112.2298,43.32,48,0,2.17,CN,1677455961
77,boueni,-12.9025,45.0761,80.58,76,99,9.82,YT,1677455961
78,atasu,48.6814,71.6433,3.29,85,89,4.68,KZ,1677455962
79,nikolskoye,59.7035,30.7861,17.78,91,82,7.67,RU,1677455962
80,antigonish,45.6169,-61.9986,9.82,77,71,1.01,CA,1677455962
81,esperance,-33.8667,121.9,66.65,72,100,9.98,AU,1677455963
82,port elizabeth,-33.918,25.5701,68.31,96,75,9.22,ZA,1677455963
83,hayden,47.766,-116.7866,37.2,76,40,9.22,US,1677455964
84,beatrice,40.2681,-96.747,54.18,76,0,9.22,US,1677455964
85,kaitangata,-46.2817,169.8464,65.59,60,93,3.98,NZ,1677455964
86,geraldton,-28.7667,114.6,82.81,24,40,4.61,AU,1677455710
87,new norfolk,-42.7826,147.0587,60.71,63,73,1.99,AU,1677455965
88,mulege,26.8833,-111.9833,61.5,62,0,10.13,MX,1677455965
89,bethel,41.3712,-73.414,36.64,83,0,1.01,US,1677455717
90,kayes,14.0,-11.0,86.27,16,3,5.14,ML,1677455966
91,soldato-aleksandrovskoye,44.2653,43.7561,38.66,64,75,1.41,RU,1677455966
92,gazanjyk,39.2446,55.5154,46.27,58,10,9.01,TM,1677455967
93,bentiu,9.2333,29.8333,86.27,14,46,9.28,SS,1677455967
94,vitim,59.4511,112.5578,14.54,93,100,9.42,RU,1677455967
95,barrow,71.2906,-156.7887,-14.78,84,100,24.16,US,1677455855
96,haines junction,60.7522,-137.5108,13.95,48,80,9.22,CA,1677455968
97,port hedland,-20.3167,118.5667,80.65,83,63,8.05,AU,1677455968
98,hovd,48.0056,91.6419,7.43,63,29,6.51,MN,1677455721
99,barcelona,41.3888,2.159,42.96,75,75,5.75,ES,1677455775
100,saint-leu,-21.15,55.2833,74.32,91,9,4.74,RE,1677455968
101,tautira,-17.7333,-149.15,81.91,74,10,13.51,PF,1677455969
102,kadyy,57.787,43.1903,27.77,94,100,9.66,RU,1677455969
103,bubaque,11.2833,-15.8333,74.73,70,7,20.74,GW,1677455969
104,tasiilaq,65.6145,-37.6368,23.36,94,100,14.83,GL,1677455970
105,buraydah,26.326,43.975,61.25,40,32,8.39,SA,1677455820
106,zhucheng,35.9947,119.3975,36.12,50,0,5.06,CN,1677455970
107,namatanai,-3.6667,152.4333,83.35,75,100,4.83,PG,1677455970
108,vila franca do campo,37.7167,-25.4333,59.41,73,48,18.37,PT,1677455971
109,arraial do cabo,-22.9661,-42.0278,76.78,86,96,22.66,BR,1677455971
110,thompson,55.7435,-97.8558,10.56,67,100,2.3,CA,1677455971
111,lebu,-37.6167,-73.65,57.31,78,73,21.32,CL,1677455972
112,upernavik,72.7868,-56.1549,-3.95,98,100,5.66,GL,1677455972
113,kahului,20.8947,-156.47,78.82,64,20,20.71,US,1677455972
114,narsaq,60.9167,-46.05,26.01,78,100,5.73,GL,1677455973
115,khatanga,71.9667,102.5,-7.1,82,100,17.49,RU,1677455973
116,diamantino,-14.4086,-56.4461,76.23,82,87,3.29,BR,1677455832
117,guerrero negro,27.9769,-114.0611,58.78,47,5,21.25,MX,1677455973
118,taoudenni,22.6783,-3.9836,68.59,21,0,8.9,ML,1677455974
119,cidreira,-30.1811,-50.2056,76.91,75,45,8.39,BR,1677455974
120,lake havasu city,34.4839,-114.3224,60.22,35,0,8.05,US,1677455974
121,loreto,22.2667,-101.9667,74.35,16,87,12.93,MX,1677455742
122,batagay,67.6333,134.6333,-7.83,98,100,5.1,RU,1677455975
123,bengkulu,-3.8004,102.2655,73.58,91,76,5.3,ID,1677455975
124,solnechnyy,50.7214,136.6319,15.55,88,100,1.72,RU,1677455975
125,dzhebariki-khaya,62.2167,135.8,-3.15,96,100,7.83,RU,1677455976
126,bambous virieux,-20.3428,57.7575,75.22,94,20,3.44,MU,1677455976
127,east london,-33.0153,27.9116,67.37,85,59,10.47,ZA,1677455976
128,richards bay,-28.783,32.0377,70.9,89,100,1.74,ZA,1677455977
129,kavieng,-2.5744,150.7967,82.89,74,97,6.87,PG,1677455977
130,vardo,70.3705,31.1107,33.78,80,100,18.41,NO,1677455977
131,pecos,31.4229,-103.4932,87.89,5,6,41.43,US,1677455703
132,roma,43.2128,-75.4557,34.83,85,100,12.66,US,1677455801
133,charyshskoye,51.3978,83.5598,11.93,83,97,5.82,RU,1677455978
134,creel,27.75,-107.6333,53.2,30,1,19.86,MX,1677455978
135,mocuba,-16.8392,36.9856,75.45,84,98,4.38,MZ,1677455978
136,airai,-8.9266,125.4092,61.48,94,100,4.59,TL,1677455978
137,carnarvon,-24.8667,113.6333,79.84,66,87,14.83,AU,1677455979
138,altay,47.8667,88.1167,4.14,64,9,6.4,CN,1677455898
139,bredasdorp,-34.5322,20.0403,63.99,84,3,5.57,ZA,1677455979
140,antofagasta,-23.65,-70.4,69.08,82,11,7.83,CL,1677455865
141,saldanha,-33.0117,17.9442,63.54,86,0,15.21,ZA,1677455980
142,punta arenas,-53.15,-70.9167,55.51,76,75,5.75,CL,1677455980
143,babstovo,48.1167,132.4833,17.17,88,64,5.66,RU,1677455981
144,vuktyl,63.8567,57.3094,12.09,82,77,10.87,RU,1677455981
145,mana,5.6592,-53.7767,75.34,92,91,9.28,GF,1677455982
146,santa fe,-31.6333,-60.7,86.0,39,8,4.0,AR,1677455982
147,luganville,-15.5333,167.1667,85.95,74,99,11.36,VU,1677455983
148,esmeraldas,-19.7625,-44.3139,79.84,80,100,4.63,BR,1677455983
149,souillac,-20.5167,57.5167,71.98,94,20,3.44,MU,1677455983
150,avera,33.194,-82.5271,72.91,70,100,6.76,US,1677455984
151,kaoma,-14.7833,24.8,65.32,94,99,5.01,ZM,1677455984
152,novikovo,51.1537,37.8879,31.33,96,100,4.32,RU,1677455984
153,hermanus,-34.4187,19.2345,62.8,84,1,10.2,ZA,1677455985
154,matagami,49.7502,-77.6328,10.51,79,75,10.36,CA,1677455985
155,butaritari,3.0707,172.7902,81.63,77,90,10.09,KI,1677455985
156,vanimo,-2.6741,141.3028,80.01,86,95,2.64,PG,1677455986
157,boyolangu,-8.1181,111.8935,74.26,93,98,6.76,ID,1677455986
158,mustasaari,63.1142,21.6822,28.35,94,100,5.99,FI,1677455986
159,castro,-24.7911,-50.0119,64.09,92,88,3.0,BR,1677455987
160,mossendjo,-2.9506,12.7261,69.01,94,94,2.19,CG,1677455987
161,urumqi,43.801,87.6005,16.75,86,0,0.0,CN,1677455987
162,havoysund,70.9963,24.6622,39.43,93,100,27.54,NO,1677455988
163,coquimbo,-29.9533,-71.3436,64.13,88,0,8.05,CL,1677455988
164,georgetown,5.4112,100.3354,76.93,83,20,0.0,MY,1677455852
165,camargo,27.6667,-105.1667,79.36,19,100,29.73,MX,1677455988
166,sault sainte marie,46.5168,-84.3333,21.02,87,100,11.5,CA,1677455989
167,chokurdakh,70.6333,147.9167,-10.86,98,100,5.01,RU,1677455989
168,trincomalee,8.5711,81.2335,79.57,70,100,13.49,LK,1677455989
169,volksrust,-27.3654,29.8818,55.2,96,91,3.27,ZA,1677455990
170,elat,29.5581,34.9482,58.84,51,0,6.91,IL,1677455990
171,laupheim,48.2333,9.8833,29.59,79,59,20.71,DE,1677455990
172,meulaboh,4.1363,96.1285,74.46,89,90,4.79,ID,1677455990
173,urcos,-13.6861,-71.6228,64.29,90,100,1.59,PE,1677455991
174,tiksi,71.6872,128.8694,-26.7,96,100,11.63,RU,1677455991
175,slave lake,55.2834,-114.769,17.58,86,100,9.22,CA,1677455991
176,dudinka,69.4058,86.1778,-17.91,100,95,5.35,RU,1677455992
177,hami,42.8,93.45,32.7,39,74,11.5,CN,1677455992
178,nanchang,28.6833,115.8833,44.4,58,0,3.42,CN,1677455755
179,erechim,-27.6342,-52.2739,63.52,91,94,2.91,BR,1677455992
180,polonnaruwa,7.9333,81.0,69.1,86,100,2.19,LK,1677455993
181,ixtapa,20.7,-105.2,75.22,81,3,5.99,MX,1677455993
182,mareeba,-17.0,145.4333,78.44,88,100,1.41,AU,1677455993
183,dikson,73.5069,80.5464,-16.35,96,99,19.35,RU,1677455993
184,san patricio,28.017,-97.5169,78.66,69,44,19.57,US,1677455994
185,torbay,47.6666,-52.7314,8.76,66,40,13.8,CA,1677455994
186,sao joao da barra,-21.6403,-41.0511,78.89,86,59,17.72,BR,1677455994
187,paamiut,61.994,-49.6678,11.26,88,100,22.75,GL,1677455995
188,amapa,1.0,-52.0,72.23,99,100,3.42,BR,1677455995
189,irati,-25.4672,-50.6511,64.49,98,100,1.39,BR,1677455995
190,cowra,-33.8333,148.6833,83.1,24,58,8.72,AU,1677455996
191,nola,40.922,14.5329,55.4,78,49,4.81,IT,1677455996
192,riyadh,24.6877,46.7219,68.14,34,40,9.48,SA,1677455996
193,camacupa,-12.0167,17.4833,61.75,96,96,4.14,AO,1677455997
194,matamoros,25.5333,-103.25,90.1,14,8,9.17,MX,1677455997
195,pevek,69.7008,170.3133,-17.59,87,22,7.05,RU,1677455997
196,coihaique,-45.5752,-72.0662,57.15,58,75,4.61,CL,1677455997
197,hamilton,39.1834,-84.5333,56.64,59,0,5.75,US,1677455954
198,havre-saint-pierre,50.2334,-63.5986,12.2,66,0,12.66,CA,1677455998
199,port-cartier,50.0334,-66.8654,8.28,99,62,4.5,CA,1677455998
200,kieta,-6.2167,155.6333,86.09,68,61,2.71,PG,1677455998
201,hofn,64.2539,-15.2082,42.31,83,91,8.55,IS,1677455999
202,padang,-0.9492,100.3543,73.45,80,75,4.52,ID,1677455877
203,ouesso,1.6136,16.0517,72.54,77,37,3.06,CG,1677455999
204,muravlenko,63.7898,74.523,-11.63,100,54,7.11,RU,1677455999
205,sobolevo,54.4299,31.8996,13.05,96,88,7.52,RU,1677456000
206,lambarene,-0.7001,10.2406,72.12,93,100,3.09,GA,1677456000
207,severo-kurilsk,50.6789,156.125,22.5,72,95,11.61,RU,1677456001
208,fort nelson,58.8053,-122.7002,17.94,74,100,5.75,CA,1677456001
209,buzmeyin,38.0507,58.2056,38.93,81,0,4.61,TM,1677456002
210,kerema,-7.9631,145.7785,76.37,90,100,8.5,PG,1677456003
211,ponta do sol,32.6667,-17.1,63.72,75,96,4.0,PT,1677456006
212,leningradskiy,69.3833,178.4167,-16.46,89,40,4.85,RU,1677456009
213,port hardy,50.6996,-127.4199,32.18,100,100,6.91,CA,1677456010
214,xining,36.6167,101.7667,31.28,57,50,1.99,CN,1677456013
215,cherskiy,68.75,161.3,-20.6,88,5,5.28,RU,1677456014
216,shemonaikha,50.6328,81.9056,-2.56,97,80,4.83,KZ,1677456014
217,vestmanna,62.1564,-7.1664,43.72,76,100,5.75,FO,1677456015
218,grindavik,63.8424,-22.4338,46.35,93,75,23.02,IS,1677456015
219,kotri,25.366,68.3122,74.91,37,8,10.29,PK,1677456016
220,blagoyevo,63.3667,47.9167,14.2,94,100,8.93,RU,1677456017
221,standerton,-26.9337,29.2415,61.61,82,59,11.81,ZA,1677456017
222,marzuq,14.4,46.4667,63.81,60,0,6.17,YE,1677456018
223,ha tinh,18.3333,105.9,55.8,78,28,6.02,VN,1677455953
224,asau,46.4333,26.4,33.28,99,100,4.29,RO,1677456018
225,tran,42.8353,22.6517,47.93,81,51,10.49,BG,1677456019
226,lavrentiya,65.5833,-171.0,-12.41,88,11,3.65,RU,1677456019
227,longyearbyen,78.2186,15.6401,21.04,73,40,12.66,SJ,1677456020
228,broome,42.2506,-75.833,34.68,68,86,7.0,US,1677456020
229,nakamura,32.9833,132.9333,46.99,49,0,0.74,JP,1677456020
230,la cruz,23.9167,-106.9,72.34,61,100,14.76,MX,1677456021
231,victoria,22.2855,114.1577,61.25,65,8,8.99,HK,1677456021
232,liverpool,53.4106,-2.9779,41.54,80,100,5.75,GB,1677455740
233,dubbo,-32.25,148.6167,84.33,34,37,8.05,AU,1677456022
234,noumea,-22.2763,166.4572,82.99,99,79,13.49,NC,1677456022
235,tucuman,-26.8241,-65.2226,75.2,69,0,10.36,AR,1677455755
236,rocha,-34.4833,-54.3333,60.75,66,0,5.23,UY,1677456023
237,baruun-urt,46.6806,113.2792,19.33,67,20,5.44,MN,1677456024
238,the valley,18.217,-63.0578,76.86,78,20,4.61,AI,1677456024
239,saint-louis,16.3333,-15.0,80.24,32,72,11.34,SN,1677456025
240,joensuu,62.6012,29.7632,3.69,85,0,4.61,FI,1677456025
241,kuandian,40.7286,124.7847,30.81,44,0,3.56,CN,1677456026
242,banda aceh,5.5577,95.3222,77.14,80,61,12.46,ID,1677456027
243,vestmannaeyjar,63.4427,-20.2734,45.81,83,100,24.05,IS,1677456027
244,constitucion,-35.3333,-72.4167,61.5,64,14,14.72,CL,1677456028
245,turbat,26.0023,63.044,71.15,54,1,2.17,PK,1677456028
246,kangaatsiaq,68.3065,-53.4641,-8.05,99,59,7.61,GL,1677456029
247,eldama ravine,0.0516,35.7308,55.18,80,75,1.72,KE,1677456029
248,teya,60.3778,92.6267,8.11,95,100,5.21,RU,1677456030
249,poum,-20.2333,164.0167,80.26,78,75,10.2,NC,1677456031
250,akdepe,42.0551,59.3788,28.49,52,27,8.57,TM,1677456032
251,iqaluit,63.7506,-68.5145,-29.31,73,20,2.3,CA,1677456032
252,esso,55.9333,158.7,3.87,89,60,1.99,RU,1677456033
253,yingkou,40.6648,122.2283,36.99,40,0,15.93,CN,1677456027
254,chimbote,-9.0853,-78.5783,73.87,80,100,6.31,PE,1677455980
255,rangapara,26.8167,92.65,61.75,53,3,4.05,IN,1677456035
256,selishche,56.8879,33.2691,19.36,93,100,9.19,RU,1677456035
257,faanui,-16.4833,-151.75,82.96,68,16,10.76,PF,1677456036
258,kloulklubed,7.0419,134.2556,81.93,70,100,19.93,PW,1677456037
259,cagliari,39.245,9.0912,44.91,83,20,2.3,IT,1677456037
260,chauk,20.8833,94.8167,72.86,37,0,4.92,MM,1677456037
261,ostrovnoy,68.0531,39.5131,6.78,97,89,8.37,RU,1677456038
262,sao domingos,-13.3983,-46.3183,76.01,63,40,3.56,BR,1677456039
263,magan,39.9683,-3.931,39.72,54,0,12.08,ES,1677456039
264,dayong,25.0209,118.2898,46.06,62,1,3.58,CN,1677456039
265,zurrieq,35.8311,14.4742,58.51,77,0,13.8,MT,1677456040
266,warrnambool,-38.3833,142.4833,61.25,75,97,12.3,AU,1677456040
267,santa maria,-29.6842,-53.8069,76.3,78,0,5.75,BR,1677456041
268,bosansko grahovo,44.1794,16.3639,27.64,96,100,6.93,BA,1677456041
269,eichstatt,48.8833,11.1833,27.9,80,40,5.75,DE,1677456041
270,smirnykh,49.75,142.8333,13.71,78,100,1.97,RU,1677456042
271,sheridan,44.8333,-106.9173,43.3,93,94,2.15,US,1677456042
272,quesnel,52.9999,-122.5029,27.1,86,75,2.3,CA,1677456032
273,alice springs,-23.7,133.8833,83.75,42,66,5.75,AU,1677456043
274,cabedelo,-6.9811,-34.8339,81.27,77,3,11.05,BR,1677456043
275,isangel,-19.55,169.2667,85.41,75,14,15.17,VU,1677456043
276,puro,12.4841,123.3827,78.58,81,75,19.19,PH,1677456044
277,zyryanka,65.75,150.85,-19.79,87,100,4.99,RU,1677456044
278,buchanan,5.8808,-10.0467,78.78,89,96,6.55,LR,1677456044
279,verkhnyaya inta,65.9811,60.3094,-3.93,90,7,8.48,RU,1677456044
280,luanda,-8.8368,13.2343,82.4,83,75,5.75,AO,1677456037
281,quatre cocos,-20.2078,57.7625,75.09,81,9,4.23,MU,1677456045
282,alappuzha,9.49,76.3264,72.93,73,75,6.38,IN,1677456045
283,egvekinot,66.3167,-179.1667,-6.9,96,87,2.91,RU,1677456045
284,chunoyar,57.4467,97.3217,10.4,95,100,6.62,RU,1677456046
285,peniche,39.3558,-9.3811,53.56,89,0,12.97,PT,1677456046
286,knin,44.0439,16.2,39.13,94,100,9.4,HR,1677456046
287,basavana bagevadi,16.5833,75.9667,70.48,44,0,9.6,IN,1677456047
288,sirari,-1.2333,34.4333,66.9,59,100,0.51,TZ,1677456047
289,mafinga,-7.25,35.0667,65.21,95,90,2.46,TZ,1677456048
290,port-gentil,-0.7193,8.7815,76.96,100,40,5.75,GA,1677456048
291,srednekolymsk,67.45,153.6833,-26.39,96,32,5.06,RU,1677456048
292,sioux lookout,50.1001,-91.917,14.07,44,75,5.75,CA,1677456005
293,mayo,38.8876,-76.5119,52.5,74,0,9.22,US,1677456048
294,paralimni,35.0375,33.9833,57.15,77,4,11.99,CY,1677456049
295,shanghai,31.2222,121.4581,41.94,57,0,4.0,CN,1677456049
296,mizan teferi,6.9833,35.5833,65.52,67,54,3.89,ET,1677456050
297,okhotsk,59.3833,143.3,-0.31,94,100,7.9,RU,1677456050
298,ust-kut,56.7938,105.7672,10.24,95,100,5.84,RU,1677456050
299,mount gambier,-37.8333,140.7667,62.37,70,99,7.45,AU,1677456051
300,funchal,32.6333,-16.9,63.72,84,20,4.0,PT,1677456052
301,ust-kuyga,70.0167,135.6,-27.9,94,98,3.8,RU,1677456052
302,nizhniy odes,63.6445,54.856,12.15,91,98,10.54,RU,1677456053
303,novoagansk,61.9449,76.6625,-12.33,100,98,4.36,RU,1677456053
304,thinadhoo,0.5333,72.9333,81.37,78,78,10.07,MV,1677456053
305,sur,22.5667,59.5289,74.62,54,0,5.28,OM,1677456054
306,kavaratti,10.5669,72.642,80.38,72,21,4.43,IN,1677456054
307,cam ranh,11.9214,109.1591,73.36,78,40,19.57,VN,1677456055
308,dzilam gonzalez,21.2833,-88.9333,81.39,47,0,8.01,MX,1677456055
309,shimoda,34.6667,138.95,49.1,56,47,6.82,JP,1677455841
310,tambacounda,13.7539,-13.7586,84.7,16,3,9.04,SN,1677456056
311,ovsyanka,55.9575,92.5519,11.37,93,100,8.7,RU,1677456056
312,mount isa,-20.7333,139.5,78.57,65,40,12.66,AU,1677456049
313,oranjemund,-28.55,16.4333,59.97,96,3,6.06,NA,1677456056
314,roberval,48.5168,-72.2324,13.95,85,100,8.05,CA,1677456057
315,mackay,-21.15,149.2,82.69,79,100,14.97,AU,1677456057
316,lagoa,39.05,-27.9833,55.2,62,22,36.06,PT,1677456058
317,aswan,24.0934,32.907,63.7,29,0,3.44,EG,1677456058
318,fort morgan,40.2503,-103.8,41.65,81,0,10.36,US,1677456058
319,namibe,-15.1961,12.1522,73.62,83,97,5.61,AO,1677456059
320,holme,56.1138,10.1725,32.18,83,42,5.28,DK,1677456059
321,key west,24.5557,-81.7826,79.0,65,2,5.01,US,1677456060
322,kaliua,-5.0606,31.7936,65.07,97,100,4.07,TZ,1677456060
323,dubrovnik,42.6481,18.0922,53.24,87,40,12.66,HR,1677456060
324,khorinsk,52.1657,109.7726,12.38,83,98,8.77,RU,1677456061
325,kenora,49.8167,-94.4337,20.37,45,40,9.22,CA,1677456032
326,ciudad bolivar,8.1222,-63.5497,83.89,50,57,14.94,VE,1677456019
327,nouadhibou,20.931,-17.0347,64.38,68,98,14.97,MR,1677456061
328,college,64.8569,-147.8028,1.58,73,20,5.75,US,1677456002
329,waw,7.7029,27.9953,82.11,26,64,0.83,SS,1677456062
330,saint-joseph,-21.3667,55.6167,73.78,82,7,3.8,RE,1677456062
331,comodoro rivadavia,-45.8667,-67.5,69.66,30,0,24.16,AR,1677456063
332,vao,-22.6667,167.4833,76.05,77,89,13.6,NC,1677456064
333,adrar,20.5022,-10.0711,64.18,25,94,10.31,MR,1677456064
334,anloga,5.7947,0.8973,81.99,87,44,13.38,GH,1677456065
335,kapit,2.0167,112.9333,74.77,99,97,0.16,MY,1677456066
336,lososina,48.9975,140.3106,20.93,73,98,5.06,RU,1677456066
337,bonavista,48.6499,-53.1147,8.87,76,100,26.31,CA,1677456066
338,kalmunai,7.4167,81.8167,74.17,81,80,6.58,LK,1677456067
339,karasjok,69.4719,25.5112,25.65,91,100,9.71,NO,1677456067
340,nuuk,64.1835,-51.7216,11.88,72,100,24.0,GL,1677456068
341,ballina,-28.8667,153.5667,81.79,68,78,8.08,AU,1677456068
342,inhambane,-23.865,35.3833,74.14,95,100,18.28,MZ,1677456069
343,codrington,-38.2667,141.9667,62.2,72,99,12.01,AU,1677456069
344,enshi,30.3,109.4833,42.89,81,0,0.38,CN,1677456070
345,chake chake,-5.2459,39.7666,77.22,82,99,7.85,TZ,1677456070
346,jardim,-21.4803,-56.1381,72.81,96,100,5.7,BR,1677456071
347,ushtobe,45.2514,77.9838,11.95,90,6,11.36,KZ,1677456071
348,kalmar,56.6616,16.3616,31.96,90,52,7.0,SE,1677456071
349,lorengau,-2.0226,147.2712,79.57,84,100,5.46,PG,1677456072
350,deputatskiy,69.3,139.9,-16.26,97,100,3.69,RU,1677456072
351,palmer,42.1584,-72.3287,36.14,76,100,6.91,US,1677456073
352,aklavik,68.2191,-135.0107,-2.13,93,100,9.48,CA,1677456073
353,jibuti,11.5,42.5,69.66,84,39,11.34,DJ,1677456073
354,henties bay,-22.116,14.2845,63.32,86,59,3.0,NA,1677456074
355,imeni poliny osipenko,52.4201,136.4853,10.4,91,100,3.2,RU,1677456075
356,ancud,-41.8697,-73.8203,54.27,84,19,4.7,CL,1677456075
357,fortuna,40.5982,-124.1573,49.93,64,0,9.22,US,1677456076
358,cannes,43.55,7.0167,46.4,81,100,4.61,FR,1677456076
359,santa vitoria do palmar,-33.5189,-53.3681,65.97,59,0,10.2,BR,1677456076
360,seydi,39.4816,62.9137,40.82,61,5,8.75,TM,1677456077
361,lundazi,-12.2929,33.1782,64.81,93,100,3.2,ZM,1677456077
362,moncton,46.1159,-64.8019,17.06,48,75,8.05,CA,1677455809
363,los llanos de aridane,28.6585,-17.9182,58.75,87,20,5.75,ES,1677456078
364,zirovnice,49.2532,15.1882,28.11,91,49,5.99,CZ,1677456078
365,mitu,1.1983,-70.1733,75.58,85,99,2.75,CO,1677456078
366,kruisfontein,-34.0033,24.7314,60.17,95,6,2.48,ZA,1677456079
367,flin flon,54.7682,-101.865,12.04,62,100,10.36,CA,1677456079
368,cotonou,6.3654,2.4183,81.63,87,78,12.84,BJ,1677456068
369,kapenguria,1.2511,35.0895,58.01,61,73,6.51,KE,1677456080
370,sakakah,29.9697,40.2064,62.17,35,0,9.17,SA,1677456081
371,goderich,43.7501,-81.7165,30.9,74,95,5.75,CA,1677456081
372,krynychky,48.3755,34.467,37.94,96,100,7.34,UA,1677456082
373,kimbe,-5.5502,150.1429,83.61,74,100,6.42,PG,1677456082
374,katsuura,35.1333,140.3,45.63,43,0,10.02,JP,1677456082
375,bathsheba,13.2167,-59.5167,77.61,73,20,11.5,BB,1677456083
376,krasnoarmeysk,51.0239,45.6969,34.43,100,100,7.63,RU,1677456084
377,pontes e lacerda,-15.2261,-59.3353,78.19,82,91,3.91,BR,1677456084
378,carutapera,-1.195,-46.02,76.41,91,99,5.32,BR,1677456085
379,olafsvik,64.8945,-23.7142,42.82,89,90,21.05,IS,1677456085
380,saint pete beach,27.7253,-82.7412,72.18,79,0,4.61,US,1677456086
381,ahipara,-35.1667,173.1667,68.81,81,65,3.89,NZ,1677456086
382,mabaruma,8.2,-59.7833,72.7,89,83,3.76,GY,1677456087
383,matamba,-8.9833,33.9667,57.76,87,100,2.35,TZ,1677456087
384,kedainiai,55.2883,23.9747,27.14,90,53,6.73,LT,1677456088
385,fougamou,-1.2154,10.5838,72.0,99,100,1.99,GA,1677456088
386,samarai,-10.6167,150.6667,83.95,69,97,5.41,PG,1677456088
387,labuan,5.2767,115.2417,77.36,88,20,2.3,MY,1677456089
388,metro,-5.1131,105.3067,73.44,92,97,11.01,ID,1677456089
389,plouzane,48.3833,-4.6167,39.25,68,20,12.66,FR,1677456090
390,acarau,-2.8856,-40.12,78.66,85,100,10.36,BR,1677456077
391,shaunavon,49.6501,-108.4181,28.18,73,13,15.99,CA,1677456042
392,tahoua,14.8888,5.2692,78.24,12,48,8.37,NE,1677456090
393,margate,51.3813,1.3862,41.9,67,46,5.99,GB,1677456091
394,zhuanghe,39.7008,122.9911,35.64,65,0,3.98,CN,1677456091
395,bereda,43.2686,-7.5406,37.58,83,10,10.42,ES,1677456091
396,huarmey,-10.0681,-78.1522,73.96,83,78,6.98,PE,1677456092
397,vozhega,60.4725,40.2213,19.33,94,100,8.37,RU,1677456092
398,dubti,11.7361,41.0853,76.78,65,25,12.19,ET,1677456093
399,sabha,27.0377,14.4283,66.18,24,16,9.37,LY,1677456093
400,biak,-0.9131,122.8766,79.09,77,99,3.65,ID,1677456093
401,verkhoyansk,67.5447,133.385,-7.83,98,100,5.55,RU,1677456094
402,goundam,16.4145,-3.6708,75.42,19,56,9.48,ML,1677456095
403,maryborough,-25.5333,152.7,81.1,45,96,6.62,AU,1677456095
404,camacha,33.0833,-16.3333,60.22,88,20,9.22,PT,1677456096
405,tagusao,9.1924,117.8141,79.79,76,100,5.14,PH,1677456096
406,nara,34.6851,135.8049,42.96,59,2,1.95,JP,1677456096
407,marawi,7.9986,124.2928,73.58,80,67,2.84,PH,1677456097
408,pisco,-13.7,-76.2167,75.25,69,20,10.36,PE,1677456097
409,ulaangom,49.9811,92.0667,-3.51,80,37,3.76,MN,1677456097
410,kamenka,51.3223,42.7678,33.04,99,100,7.76,RU,1677456098
411,buala,-8.145,159.5921,83.53,74,100,3.62,SB,1677456098
412,pasni,25.2631,63.471,72.3,67,2,7.29,PK,1677456098
413,lakes entrance,-37.8811,147.981,73.17,67,48,5.64,AU,1677456099
414,colchester,51.8892,0.9042,35.15,79,7,10.42,GB,1677456099
415,ahwa,20.75,73.6833,67.93,20,0,3.89,IN,1677456100
416,bay roberts,47.5999,-53.2648,9.52,60,100,5.01,CA,1677456100
417,charters towers,-20.1,146.2667,79.83,63,100,11.12,AU,1677456101
418,cognac,45.5,-0.25,35.2,55,0,16.11,FR,1677456101
419,dera bugti,29.0307,69.151,65.48,23,32,1.03,PK,1677456102
420,salamanca,40.8333,-6.0,34.0,71,9,15.19,ES,1677455824
421,sao felix do xingu,-6.6447,-51.995,74.16,93,94,2.68,BR,1677456102
422,okha,53.5739,142.9478,12.83,92,100,16.13,RU,1677456103
423,moose factory,51.2585,-80.6094,6.8,56,0,3.44,CA,1677456103
424,naze,28.3667,129.4833,58.12,58,100,17.96,JP,1677456103
425,vidim,56.4088,103.1106,5.92,96,100,8.05,RU,1677456104
426,gizo,-8.103,156.8419,84.56,71,99,6.44,SB,1677456104
427,san quintin,30.4833,-115.95,55.53,54,4,18.9,MX,1677456104
428,beira,-19.8436,34.8389,78.89,100,100,16.11,MZ,1677456105
429,clyde river,70.4692,-68.5914,-27.17,62,96,6.91,CA,1677456105
430,stornoway,58.2093,-6.3865,41.94,82,100,1.14,GB,1677456105
431,almaznyy,48.0448,40.045,38.68,89,100,11.83,RU,1677456106
432,lasa,46.6166,10.7002,31.69,77,100,2.1,IT,1677456106
433,punta alta,-38.8759,-62.0736,67.53,41,21,8.3,AR,1677455852
434,isoka,-10.1606,32.6335,62.08,97,100,3.36,ZM,1677456107
435,havelock,34.8791,-76.9013,55.38,88,75,6.91,US,1677456107
436,umm lajj,25.0213,37.2685,67.05,63,0,9.69,SA,1677456107
437,kushiro,42.975,144.3747,20.35,38,0,3.44,JP,1677456108
438,durusu,41.3053,28.6767,57.38,61,100,12.84,TR,1677456108
439,champerico,14.3,-91.9167,88.34,67,21,5.59,GT,1677456109
440,kayerkan,69.3497,87.7602,-15.7,98,48,6.58,RU,1677456109
441,morant bay,17.8815,-76.4093,83.82,77,0,11.16,JM,1677456109
442,lagos,6.5833,3.75,80.1,89,86,5.84,NG,1677455846
443,miri,4.4148,114.0089,77.14,94,40,0.0,MY,1677456110
444,moron,-34.6534,-58.6198,73.98,60,0,8.81,AR,1677456110
445,kabo,7.6994,18.629,76.6,19,80,4.65,CF,1677456110
446,beaverlodge,55.2166,-119.4361,16.95,85,100,7.07,CA,1677456111
447,tornio,65.8481,24.1466,17.62,100,99,2.59,FI,1677456111
448,ust-nera,64.5667,143.2,-17.86,96,94,3.04,RU,1677456111
449,sandviken,60.6167,16.7667,37.11,86,100,5.93,SE,1677456112
450,waharoa,-37.7667,175.7667,67.98,85,100,5.03,NZ,1677456112
451,dalbandin,28.8947,64.4101,61.81,35,0,8.16,PK,1677456113
452,shubarkuduk,49.1447,56.4872,21.24,86,50,14.23,KZ,1677456113
453,cayenne,4.9333,-52.3333,75.24,94,75,9.22,GF,1677456042
454,hays,30.0502,-98.0336,75.31,76,80,8.01,US,1677456113
455,hualmay,-11.0964,-77.6139,74.62,79,96,5.48,PE,1677456114
456,barranca,-10.75,-77.7667,74.66,75,97,6.11,PE,1677456114
457,mangan,27.5167,88.5333,51.66,71,69,7.34,IN,1677456115
458,tessalit,20.1986,1.0114,67.26,12,14,5.1,ML,1677456115
459,yelizovo,53.1873,158.3805,5.14,56,0,8.95,RU,1677456115
460,japura,-0.3167,102.35,71.87,96,99,2.57,ID,1677456116
461,nemuro,43.3236,145.575,19.6,69,6,10.4,JP,1677456081
462,qaqortoq,60.7167,-46.0333,22.68,86,100,1.66,GL,1677456116
463,podporozhye,60.9112,34.1706,14.16,87,84,8.59,RU,1677456116
464,kulhudhuffushi,6.6221,73.07,79.79,72,12,10.09,MV,1677456117
465,reconquista,-29.15,-59.65,83.05,25,0,6.13,AR,1677456117
466,inirida,3.8653,-67.9239,79.95,73,95,1.77,CO,1677456117
467,vostok,46.4856,135.8833,21.36,80,23,6.22,RU,1677456118
468,leme,-22.1856,-47.3903,74.88,89,100,1.83,BR,1677456118
469,laguna,38.421,-121.4238,49.05,90,100,11.5,US,1677456014
470,conceicao da barra,-18.5933,-39.7322,78.03,84,0,7.87,BR,1677456119
471,coos bay,43.3665,-124.2179,46.38,66,100,11.5,US,1677456032
472,svrljig,43.4133,22.1211,38.5,96,98,6.49,RS,1677456119
473,kamloops,50.6665,-120.3192,30.58,87,100,3.44,CA,1677456119
474,araouane,18.9048,-3.5265,70.16,15,79,8.46,ML,1677456120
475,klaksvik,62.2266,-6.589,45.52,79,24,10.78,FO,1677456120
476,bukama,-9.2,25.85,68.85,98,100,1.01,CD,1677456121
477,wuwei,37.9281,102.6414,35.11,46,100,1.36,CN,1677456121
478,makakilo city,21.3469,-158.0858,77.45,56,100,13.8,US,1677456068
479,malanville,11.8685,3.3899,83.7,13,37,1.88,BJ,1677456122
480,mount pleasant,32.7941,-79.8626,65.3,94,100,5.75,US,1677456061
481,lufilufi,-13.8745,-171.5986,87.58,71,4,4.85,WS,1677456122
482,vanino,49.0869,140.2543,20.7,75,98,2.77,RU,1677456123
483,bad tolz,47.7611,11.5589,27.25,90,98,9.35,DE,1677456123
484,khasan,42.4308,130.6434,34.99,55,0,2.37,RU,1677456124
485,katherine,-14.4667,132.2667,77.32,88,100,5.75,AU,1677456124
486,gigmoto,13.7796,124.39,77.47,86,69,21.85,PH,1677456124
487,diapaga,12.0708,1.7889,84.2,13,14,6.29,BF,1677456125
488,tabou,4.423,-7.3528,78.44,90,100,9.4,CI,1677456125
489,kutum,14.2,24.6667,65.05,19,6,6.71,SD,1677456126
490,gisborne,-38.6533,178.0042,61.05,96,100,1.03,NZ,1677456126
491,lotofaga,-13.9764,-171.8578,87.58,70,4,4.97,WS,1677456126
492,buy,58.4786,41.53,18.95,96,87,7.23,RU,1677456127
493,fairbanks,64.8378,-147.7164,1.6,73,20,5.75,US,1677456000
494,qui nhon,13.7667,109.2333,71.2,89,100,21.07,VN,1677456127
495,dinguiraye,11.3,-10.7167,79.48,19,0,3.31,GN,1677456128
496,sarkand,45.41,79.9186,16.56,66,6,6.17,KZ,1677456128
497,lebanon,36.2081,-86.2911,59.13,86,100,0.0,US,1677455840
498,coihueco,-36.6167,-71.8333,73.89,21,24,9.26,CL,1677456128
499,amazar,53.858,120.875,18.81,95,100,1.99,RU,1677456129
500,awbari,26.5921,12.7805,64.24,21,54,4.07,LY,1677456027
501,saint-augustin,51.226,-58.6502,-8.77,88,79,5.79,CA,1677456129
502,tiarei,-17.5333,-149.3333,89.62,76,18,13.2,PF,1677456130
503,kolo,52.2002,18.6387,28.94,90,11,8.12,PL,1677456130
504,sulechow,52.0836,15.6251,31.64,45,7,5.32,PL,1677456130
505,camaqua,-30.8511,-51.8122,69.46,90,66,4.18,BR,1677456131
506,edd,13.9297,41.6925,78.44,74,10,7.16,ER,1677456131
507,chumikan,54.7183,135.315,13.44,83,38,15.9,RU,1677456131
508,marystown,47.1666,-55.1483,11.61,70,100,16.02,CA,1677456132
509,formosa,-26.1775,-58.1781,82.38,65,0,5.75,AR,1677456132
510,manadhoo,5.7667,73.3833,80.91,64,6,16.28,MV,1677456132
511,vyshestebliyevskaya,45.1961,37.0181,50.43,72,97,19.46,RU,1677456133
512,maltahohe,-24.8333,16.9833,76.12,23,36,3.67,NA,1677456133
513,severnyy,50.677,36.5532,33.84,93,0,7.0,RU,1677456133
514,watertown,42.3709,-71.1828,36.41,78,75,8.05,US,1677456007
515,beloha,-25.1667,45.05,72.91,97,74,1.05,MG,1677456134
516,miles city,46.4083,-105.8406,32.23,87,65,3.85,US,1677456134
517,iglesias,39.3114,8.535,41.79,91,93,2.08,IT,1677456135
518,pujili,-0.95,-78.6833,59.29,59,75,14.97,EC,1677456135
519,binzhou,37.3667,118.0167,38.98,37,0,5.79,CN,1677456036
520,aykhal,66.0,111.5,-31.25,100,100,6.22,RU,1677456136
521,moerai,-22.4333,-151.3333,79.77,76,98,11.34,PF,1677456136
522,kemijarvi,66.7131,27.4306,11.16,97,100,6.24,FI,1677456136
523,bassar,9.25,0.7833,84.02,46,100,4.41,TG,1677456137
524,vilhena,-12.7406,-60.1458,77.22,83,20,8.05,BR,1677456128
525,burhanpur,21.3,76.2333,70.95,18,0,5.28,IN,1677456137
526,kaihua,23.3687,104.28,43.05,86,1,4.05,CN,1677456137
527,ditrau,46.8167,25.5167,31.19,95,100,5.37,RO,1677456138
528,asfi,32.2994,-9.2372,59.25,85,1,17.13,MA,1677456138
529,sikandarpur,26.05,84.05,58.59,39,28,1.07,IN,1677456139
530,tsabong,-26.0217,22.401,81.61,32,10,9.37,BW,1677456139
531,zhuzhou,27.8333,113.15,39.33,56,0,2.68,CN,1677456140
532,puri,19.8,85.85,73.92,74,0,4.05,IN,1677456140
533,gardez,33.5974,69.2259,37.33,66,45,1.95,AF,1677456141
534,gumdag,39.2061,54.5906,46.33,55,24,11.68,TM,1677456080
535,tuburan,6.6439,122.2736,78.89,79,100,7.34,PH,1677456141
536,magaria,12.9983,8.9099,77.32,13,62,7.83,NE,1677456142
537,isfana,39.8386,69.5306,28.96,57,1,8.59,KG,1677456142
538,zabol,32.25,67.25,45.39,58,1,7.05,AF,1677456142
539,tual,-5.6667,132.75,83.03,76,100,12.71,ID,1677456143
540,tanout,14.9709,8.8879,76.06,12,29,8.95,NE,1677456143
541,hokitika,-42.7167,170.9667,64.76,70,78,7.99,NZ,1677456144
542,crystal beach,42.8699,-79.0583,34.36,84,30,1.01,CA,1677456145
543,merrill,45.1805,-89.6835,28.17,43,0,0.0,US,1677456145
544,rio gallegos,-51.6226,-69.2181,57.25,82,20,2.3,AR,1677456145
545,hasaki,35.7333,140.8333,45.28,41,1,7.05,JP,1677456146
546,ambilobe,-13.2,49.05,72.5,96,94,2.77,MG,1677456146
547,montepuez,-13.1256,38.9997,68.09,99,100,3.02,MZ,1677456147
548,kempele,64.9131,25.5034,14.02,90,100,5.99,FI,1677456147
549,pingliang,35.5392,106.6861,34.77,90,13,0.34,CN,1677456148
550,galle,6.0367,80.217,72.77,87,100,5.32,LK,1677456148
551,seoul,37.5683,126.9778,33.24,84,0,1.14,KR,1677456013
